+14152069249, RELIABLE GROCERIES, 249 CORTLAND AVE, San Francisco, CA,37.739433,122.418701
+14152069738, BOUNCER'S, 2496 3RD ST, San Francisco, CA,37.758003,122.388429
+14152218000, ST MARY'S HOSP, 40 STANYAN ST, San Francisco, CA,37.780881,122.456174
+14152218683, BILLS PLACE, 2315 CLEMENT ST, San Francisco, CA,37.781944,122.484178
+14152399041, HILLCREST MARKET, 380 SILVER AVE, San Francisco, CA,37.72852,122.429185
+14152399205, PARADISE BAPTIST CHRCH, 2595 SAN JOSE AVE, San Francisco, CA,37.7167,122.449767
+14152399336, GROCERY DELI, 300 CHENERY ST, San Francisco, CA,37.737152,122.427997
+14152399410, GREEK ORTHODOX CHRCH, 999 BROTHERHOOD WAY, San Francisco, CA,37.714236,122.480435
+14152399419, BEEPS BURGERS, 1051 OCEAN AVE, San Francisco, CA,37.723315,122.454257
+14152399422, BEEPS BURGERS, 1051 OCEAN AVE, San Francisco, CA,37.723315,122.454257
+14152399450, PARK MERCED CORP, 3711 19TH AV, San Francisco, CA,37.72072,122.475386
+14152399458, GILBERT W SMAIL, 34 MISSION ST, San Francisco, CA,37.793291,122.39317
+14152399466, FATHER BERNARD DABBENE, 21 SANTA ROSA AVE, San Francisco, CA,37.725968,122.434445
+14152399506, EMMYS, CAFE, 290 MONTEREY BLVD, San Francisco, CA,37.731487,122.452976
+14152399520, PARK MERCED CORP, 3711 19TH AV, San Francisco, CA,37.72072,122.475386
+14152399603, REV LESTER I EHRMAN, 415 EDNA ST, San Francisco, CA,37.730401,122.446744
+14152399631, HILLCREST MARKET, 380 SILVER AVE, San Francisco, CA,37.72852,122.429185
+14152399659, GLORY DALERE, 250 CHENERY ST, San Francisco, CA,37.737303,122.427609
+14152399740, KARL WIEGER, 44 ST ELMO WAY, San Francisco, CA,37.73229,122.459232
+14152399742, ANN MARIE GARVIN, 154 MONTEREY BLVD, San Francisco, CA,37.731644,122.43873
+14152399803, CONNECTION, 1640 MISSION ST, San Francisco, CA,37.771969,122.419377
+14152399813, KARL WIEGER, 44 ST ELMO WAY, San Francisco, CA,37.73229,122.459232
+14152399906, OUR LADY OF THE VISITACION CHS, 245 SUNNYDALE AVE, San Francisco, CA,37.708836,122.404996
+14152399925, AVENUE CLUB, 1607 OCEAN AVE, San Francisco, CA,37.72445,122.459458
+14152399935, UNIV MOUND, 350 UNIVERSITY ST, San Francisco, CA,37.725526,122.414207
+14152520536, CITY MARKET DELI, 3801 17TH ST, San Francisco, CA,37.762664,122.430923
+14152551843, BUA THAI CUISINE, 2217 MKT. ST., San Francisco, CA,37.77493,122.419416
+14152829713, SAMS MARKET, 170 PRECITA AVE, San Francisco, CA,37.747296,122.416718
+14152854432, BOBS LIQUOR & GROCERY, 2999 HARRISON ST., San Francisco, CA,37.749443,122.411578
+14152858416, KANSAS FOOD MARKET, 2250 23 RD ST, San Francisco, CA,37.77493,122.419416
+14153329778, C D A HOMEOWNERS ASSOC, 400 MONTGOMERY ST, San Francisco, CA,37.80503,122.405153
+14153329828, US ARMY CORPS OF ENGRS, 211 MAIN ST, San Francisco, CA,37.790299,122.392884
+14153333653, AZTECA MARKET MEXICAN PRO, 134 EXCELSLOR AVE, San Francisco, CA,37.77493,122.419416
+14153377275, VILLAGE FOODS, 2575 OCEAN AVE, San Francisco, CA,37.731565,122.473245
+14153464972, GRUB STAKE INC, 1525 PINE ST, San Francisco, CA,37.789493,122.420846
+14153629042, CLOWN ALLEY INC, 1 COLUMBUS AVE, San Francisco, CA,37.795667,122.404185
+14153629053, UNIVERSAL, CAFE, 416 WASHINGTON ST, San Francisco, CA,37.795832,122.401075
+14153629065, PHELAN BLDG INVESTORS, 350 MARKET ST, San Francisco, CA,37.792324,122.397713
+14153629095, NATIVE SONS HALL ASSOCIAT, 414 MASON, San Francisco, CA,37.77493,122.419416
+14153629123, SQUARE ONE, 190 PACIFIC AVE, San Francisco, CA,37.797467,122.40231
+14153629279, STEVE SILVER PROD INC, 19 COLUMBUS AVE, San Francisco, CA,37.795823,122.40395
+14153629309, AMERICAN ARBITRATION, 417 MONTGOMERY ST, San Francisco, CA,37.793335,122.402986
+14153629311, HOTEL SANJOAQUIN, 112 COLUMBUS AVE, San Francisco, CA,37.796668,122.404342
+14153629379, FIOR D'ITALIA INC, 191 UNION ST, San Francisco, CA,37.801293,122.402649
+14153629382, CHINESE AMER CITIZENS, 1044 STOCKTON ST, San Francisco, CA,37.795545,122.407866
+14153629383, FRANCISCA CLUB, 185 SUTTER ST, San Francisco, CA,37.77493,122.419416
+14153629387, FRANCISCA CLUB, 185 SUTTER ST, San Francisco, CA,37.77493,122.419416
+14153629418, HOTEL STRATFORD, 242 POWELL ST, San Francisco, CA,37.787088,122.408036
+14153629429, 106 SUTTER BLDG, 516 SUTTER, San Francisco, CA,37.789456,122.407813
+14153629442, HAMID SHAIKH, 28 BROADWAY ST, San Francisco, CA,37.798984,122.398241
+14153629511, MOLER BARBER COLLEGE, 9 MASON, San Francisco, CA,37.77493,122.419416
+14153629555, SF FLOWER GROWERS ASSOC, 234 BRANNAN ST, San Francisco, CA,37.783006,122.390682
+14153629559, CORNELL HOTEL, 305 BUSH ST, San Francisco, CA,37.79094,122.402812
+14153629583, SF ELKS LDGE 3 BPOE, 5 POST ST, San Francisco, CA,37.789098,122.402091
+14153629615, LA FELCE, 1570 STOCKLON AT, San Francisco, CA,37.77493,122.419416
+14153629649, PACIFIC STOCK EXCHANGE, 115 SANSOME ST FL 6, San Francisco, CA,37.77493,122.419416
+14153629661, BOVIS INC, 247 POWELL, San Francisco, CA,37.77493,122.419416
+14153629681, FRANCISCA CLUB, 185 SUTTER ST, San Francisco, CA,37.77493,122.419416
+14153629688, PACIFIC STOCK EXCHANGE, 115 SANSOME ST FL 6, San Francisco, CA,37.77493,122.419416
+14153629716, SIR FRANCIS DRAKE HOTEL, 40 POWELL ST, San Francisco, CA,37.795536,122.409908
+14153629821, HOMBARD HEIGHTS MARKET, 1877 STOCKTON ST, San Francisco, CA,37.803131,122.409845
+14153868027, ALI BABA, 3199 CLEMENT ST, San Francisco, CA,37.781614,122.49344
+14153869052, BALBOA BI RITE, 2499 BALBOA ST, San Francisco, CA,37.776239,122.485518
+14153869247, RENAISENCE RIALTO THTRE, 1521 SUTTER ST, San Francisco, CA,37.786733,122.425919
+14153869406, HARA D J O, 445 GEARY BLVD, San Francisco, CA,37.786986,122.410549
+14153869413, COURTYARD & RESTAURANT, 2436 CLEMENT, San Francisco, CA,37.77493,122.419416
+14153869446, EL SOMBREIO, 1700 GEARY BLVD, San Francisco, CA,37.784655,122.431297
+14153869452, MIZ BROWNS INC, 3401 California ST, San Francisco, CA,37.786423,122.450138
+14153869455, KATHERINE DEL MAR BURKE SCHOOL, 2970 California ST, San Francisco, CA,37.783683,122.493019
+14153869469, ST MARY'S HOSP, 40 STANYAN ST, San Francisco, CA,37.780881,122.456174
+14153869483, ST MARY'S HOSP, 40 STANYAN ST, San Francisco, CA,37.780881,122.456174
+14153869488, ST MARY'S HOSP, 40 STANYAN ST, San Francisco, CA,37.780881,122.456174
+14153869491, TOMMY LEE, 336 CLEMENT ST, San Francisco, CA,37.78309,122.463012
+14153869508, STUARTS, CAFE, 3300 GEARY BLVD, San Francisco, CA,37.781749,122.454368
+14153869511, CAFE RIGGIO, 4112 GEARY BLVD, San Francisco, CA,37.781247,122.46351
+14153869551, EATS, 9 CLEMENT ST, San Francisco, CA,37.783082,122.459419
+14153869562, I BEAM CORP., 1748 HAIGHT ST., San Francisco, CA,37.769761,122.45093
+14153869570, CONGREGTN CHVRA THILIM, 341 25TH AVE, San Francisco, CA,37.77526,122.484522
+14153869578, FIZZES, 3954 GEARY BLVD, San Francisco, CA,37.78122,122.4617
+14153869602, PRESIDIO GOLF CLUB, 8 PRESIDIO TER, San Francisco, CA,37.798874,122.466194
+14153869653, KISS ENTERPRISES INC, 320 STANYAN ST, San Francisco, CA,37.775092,122.454679
+14153869724, HOLY VIRGIN CMMNTY, 2110 GEARY BLVD, San Francisco, CA,37.783785,122.43805
+14153869730, REV WM G BUTLER, 1924TH AV, San Francisco, CA,37.787066,122.484298
+14153869779, SIMPLE PLEASURES, 3434 BALBOA ST, San Francisco, CA,37.775796,122.495828
+14153869789, EL DORADO LND &, CATTLE, 49 GEARY BLVD, San Francisco, CA,37.787792,122.404264
+14153869802, TOM HIGA CHEVERON SVC, 388 STANYAN ST, San Francisco, CA,37.774811,122.454653
+14153869805, ST MARY'S HOSP, 40 STANYAN ST, San Francisco, CA,37.780881,122.456174
+14153869850, LE CYRANO REST, 4134 GEARY BLVD, San Francisco, CA,37.781224,122.463824
+14153869856, LE CYRANO FRENCH REST, 4134 GEARY BLVD, San Francisco, CA,37.781224,122.463824
+14153869913, UNIV OF SAN FRANCISCO, IGNATION HEIGHTS, San Francisco, CA,37.77493,122.419416
+14153869948, CONGREGATION BETH, 301 14TH AVE, San Francisco, CA,37.782537,122.473019
+14153869981, PRESIDIO GOLF CLUB, 8 PRESIDIO TER, San Francisco, CA,37.798874,122.466194
+14153869998, ST MARY'S HOSP, 40 STANYAN ST, San Francisco, CA,37.780881,122.456174
+14153922013, R & M MARKET, 1968 POWELL ST, San Francisco, CA,37.784602,122.407329
+14153959916, NANKING FIRST REST, 941 KEARNY ST, San Francisco, CA,37.79673,122.405414
+14153973427, OLD SWISS HOUSE INC, PIER 39 2036, San Francisco, CA,37.77493,122.419416
+14153978027, DONALDINA, CAMERON HOUSE, 510 SACRAMENTO ST, San Francisco, CA,37.794025,122.401528
+14153978100, HOTEL STRATFORD, 242 POWELL ST, San Francisco, CA,37.787088,122.408036
+14153978131, NEW DELHI RESTRNT, 160 ELLIS ST, San Francisco, CA,37.785516,122.408973
+14153978314, CUSHMAN & WAKEFIELD, 145 California ST, San Francisco, CA,37.793447,122.398143
+14153979968, KOREAN PALACE, 24 ELLIS ST, San Francisco, CA,37.785914,122.406772
+14153988131, NEW DEHLI RESTAURANT, 160 ELLIS ST, San Francisco, CA,37.785516,122.408973
+14153989082, C & E FINE FOODS, 250 POWELL ST, San Francisco, CA,37.787146,122.408202
+14153989151, California SAVINGS & LOAN, 390 MARKET, San Francisco, CA,37.77493,122.419416
+14153989186, CARTWRIGHT HOLDING CO, 114 SUTTER ST, San Francisco, CA,37.790038,122.40266
+14153989223, CARTWRIGHT HOLDING CO, 114 SUTTER ST, San Francisco, CA,37.790038,122.40266
+14153989253, SAN FRANCISCO ELKS LODGE, 5 POST ST, San Francisco, CA,37.789098,122.402091
+14153989257, TWM INDUSTRIES, 270 COLUMBUS AVE, San Francisco, CA,37.797796,122.406316
+14153989342, CARTWRIGHT HOLDING CO, 114 SUTTER ST, San Francisco, CA,37.790038,122.40266
+14153989356, LOMBARD ST ASSOC, 101 LOMBARD ST, San Francisco, CA,37.803469,122.404078
+14153989377, LENTROCOLE DE PARIS AUSSI, 230 California ST, San Francisco, CA,37.793428,122.399291
+14153989427, SN FRAN CITY & COUNTY, 25 VAN NESS AVE, San Francisco, CA,37.750777,122.416123
+14153989445, GATEWAY CINEMA, 1521 SUTTER ST, San Francisco, CA,37.786733,122.425919
+14153989458, KANSAI RESTAURANT, 325 SACRAMENTO ST., San Francisco, CA,37.794174,122.399439
+14153989621, MARRIOTT CORP., 9 POST ST, San Francisco, CA,37.789091,122.402151
+14153989633, FRITZI OF, CALIF INC, 1991ST, San Francisco, CA,37.77493,122.419416
+14153999001, PAN PACIFIC HOTEL SAN FRANCISC, 49 POST STREET, San Francisco, CA,37.789007,122.402876
+14153999002, PAN PACIFIC HOTEL SAN FRANCISC, 49 POST STREET, San Francisco, CA,37.789007,122.402876
+14154216858, R & M MARKET, 1968 POWELL ST, San Francisco, CA,37.784602,122.407329
+14154218004, USDA, 140 KEARNY ST , San Francisco, CA,37.789488,122.403835
+14154317421, HAYES VALLEY SUPERMARKET, 170 HAYES ST, San Francisco, CA,37.776844,122.423264
+14154333769, KIICHIRO IMANAKA DBA, KANSAI RESTAURANT, San Francisco, CA,37.77493,122.419416
+14154337918, DIMITRI MELNIKOV, 15 MASON ST, San Francisco, CA,37.783259,122.40912
+14154338848, DIMITRI MELNIKOV, 15 MASON ST, San Francisco, CA,37.783259,122.40912
+14154376173, HAYES VALLEY SUPERMARKET, 170 HAYES ST, San Francisco, CA,37.77677,122.423745
+14154410838, IRENE NASSERY, 108 TAYLOR ST, San Francisco, CA,37.783365,122.410796
+14154412781, REGGIE ENTOS GROUP INC, 2801 LEAVENWORTH ST, San Francisco, CA,37.807278,122.419471
+14154412838, WHITEHALL APTS, 351 TURK, San Francisco, CA,37.77493,122.419416
+14154413439, RUTH U FERTEL INC, 1700 California ST, San Francisco, CA,37.790537,122.423093
+14154417664, SF BAY AREA LONG, 400 N POINT ST, San Francisco, CA,37.806913,122.414703
+14154417829, VAN NESS & VALLEJO MKT., 2301 VAN NESS AVE., San Francisco, CA,37.79676,122.423857
+14154417895, SF BAY AREA LONG, 400 N POINT ST, San Francisco, CA,37.806913,122.414703
+14154417905, EUROPEAN MOTORS LTD, 950 VAN NESS AVE, San Francisco, CA,37.784466,122.421048
+14154419001, PRC INC BAOSS, 1624 LARKIN ST, San Francisco, CA,37.793007,122.419385
+14154419007, BROWNIES HARDWARE INC, 1552 POLK ST, San Francisco, CA,37.79138,122.420867
+14154419053, CYSTAL MARKET & COURMET, 2794 California ST., San Francisco, CA,37.788105,122.440301
+14154419108, THE MULTI SERVICES, 1362 POST ST, San Francisco, CA,37.78651,122.424644
+14154419113, SALVATION ARMY, 242 TURK ST, San Francisco, CA,37.78296,122.412913
+14154419115, HOTEL ARLINGTON, 29 ELLIS ST, San Francisco, CA,37.78566,122.406707
+14154419136, VINCENT KIRCHER, 982 POST ST, San Francisco, CA,37.787055,122.418222
+14154419146, GAYLORDS REST CHOC BLDG, NO POINT & POLK, San Francisco, CA,37.77493,122.419416
+14154419190, UNION LOCAL 87, 240 GOLDEN GATE AVE, San Francisco, CA,37.782069,122.414629
+14154419199, SHEEHAN HOTEL INC, 210 SUTTER ST, San Francisco, CA,37.789849,122.404023
+14154419212, AMBASSADOR HOTEL, 14 MASON ST, San Francisco, CA,37.783256,122.409082
+14154419215, S F BUDDHIST CHRCH, 1881 PINE ST, San Francisco, CA,37.788524,122.426393
+14154419224, BOHEMIAN GARAGE NO 3, 400 TAYLOR, San Francisco, CA,37.77493,122.419416
+14154419236, KANTI G WALAND, 972 SUTTER ST, San Francisco, CA,37.78835,122.416327
+14154419253, CONCORDIA ARGONAUT, 1142 VAN NESS AVE, San Francisco, CA,37.77493,122.419416
+14154419271, LEE BLEDSOE, 424 JONES ST, San Francisco, CA,37.78531,122.412829
+14154419272, ARLINGTON HOTEL, 29 ELLIS ST, San Francisco, CA,37.78566,122.406707
+14154419289, CURRAN THEATRE, 35 GEARY ST, San Francisco, CA,37.77493,122.419416
+14154419292, FISHMAN COTTAGE, 1040 COLUMBUS AVE, San Francisco, CA,37.80408,122.415433
+14154419306, CYSTAL MARKET & COURMET, 2794 California ST., San Francisco, CA,37.788105,122.440301
+14154419317, LSYNE HOTEL, 135 JONES, San Francisco, CA,37.77493,122.419416
+14154419320, JAN NESS LIQUOR, 1846 VAN NESS AVE, San Francisco, CA,37.792735,122.42261
+14154419343, JAN NESS LIQUOR, 1846 VAN NESS AVE, San Francisco, CA,37.792735,122.42261
+14154419344, GEORGE CHANG, 373 ELLIS, San Francisco, CA,37.77493,122.419416
+14154419357, BLUE LAMP, 151 GEARY, San Francisco, CA,37.77493,122.419416
+14154419358, MARLTON MANOR, 240 JONES, San Francisco, CA,37.77493,122.419416
+14154419361, VINCENT KIRCHER, SHIRLEY HOTEL, 982 POST ST, San Francisco, CA,37.787055,122.418222
+14154419369, AL GUGHEMETTI, 1067 POST ST, San Francisco, CA,37.786634,122.4215
+14154419385, REALITY HOUSE WEST, 380 EDDY ST, San Francisco, CA,37.783899,122.413915
+14154419397, DR CHESTER CHIN, 1145 BUSH ST, San Francisco, CA,37.788947,122.416042
+14154419406, HOTEL ESSEX, 274 ELLIS ST, San Francisco, CA,37.785148,122.410757
+14154419410, DMITRY MELNIKOV, 141 EDDY ST, San Francisco, CA,37.784204,122.409958
+14154419422, ALLEN CHU, 140 39TH AVE, San Francisco, CA,37.758041,122.498244
+14154419433, TRINITY PROPERTIES, 1000 CHESTNUT ST, San Francisco, CA,37.802868,122.419939
+14154419439, MUSICIANS CLUB LOCAL, 230 JONES ST, San Francisco, CA,37.783496,122.412406
+14154419445, VAN NESS MOTEL, 2850 VAN NESS AVE, San Francisco, CA,37.80215,122.424504
+14154419456, ST MARKS LUTHERIN CHC, 1111 O'FARELL ST, San Francisco, CA,37.77493,122.419416
+14154419468, HYDE PLAZA, 425 HYDE ST, San Francisco, CA,37.807402,122.420934
+14154419517, PACIFIC UNION CLUB, 1000 California ST, San Francisco, CA,37.792381,122.411628
+14154419540, HOTEL MENTONE, 387 ELLIS, San Francisco, CA,37.77493,122.419416
+14154419555, FRANCESCHI, 47 JEFFERSON ST, San Francisco, CA,37.808461,122.413931
+14154419558, LEE BLEDSOE, 424 JONES ST, San Francisco, CA,37.78531,122.412829
+14154419575, BERESFORD HOTEL CORP, 225 SUTTER, San Francisco, CA,37.77493,122.419416
+14154419592, LYRIC HOTEL, 140 JOHN ST, San Francisco, CA,37.77493,122.419416
+14154419605, SF BAY AREA LONG, 400 N POINT ST, San Francisco, CA,37.806913,122.414703
+14154419606, JAMES KEARNS, 401 ELLIS ST, San Francisco, CA,37.784774,122.412824
+14154419610, ALVINS, 278 GEARY, San Francisco, CA,37.77493,122.419416
+14154419636, M R PATEL, 169 O'FARRELL, San Francisco, CA,37.77493,122.419416
+14154419665, CHARLES MORROW, 301 TURK, San Francisco, CA,37.77493,122.419416
+14154419679, GLIDE FOUNDATION, 330 ELLIS ST RM 203, San Francisco, CA,37.784913,122.413422
+14154419714, REGGIE ENTOS GROUP INC, 2801 LEAVENWORTH ST, San Francisco, CA,37.807278,122.419471
+14154419727, PK LANE PROPERTIES CO, 1100 SACRAMENTO ST, San Francisco, CA,37.792792,122.411324
+14154419728, HOB NOB, 290 GEARY ST, San Francisco, CA,37.787429,122.408113
+14154419730, SHERMAN OWYANGZIE, 39 TURK, San Francisco, CA,37.77493,122.419416
+14154419738, SF B A LNG SHRMNS ASSOC, 400 N POINT ST, San Francisco, CA,37.806913,122.414703
+14154419743, HOTEL CaliforniaN, 405 TAYLOR ST, San Francisco, CA,37.786154,122.411545
+14154419749, MAYFLOWER HOTEL, 975 BUSH ST, San Francisco, CA,37.77493,122.419416
+14154419773, A B COMMUNCATN SYS INC, 1255 POST ST , San Francisco, CA,37.786317,122.422503
+14154419821, THE, CALIF CLUB, 1750 CLAY ST, San Francisco, CA,37.792388,122.422004
+14154419825, FIRST CHINESE SOUTHERN, 1255 HYDE ST, San Francisco, CA,37.792587,122.417954
+14154419842, SUMMER DELI & BAKERY, 325 MAIN ST, San Francisco, CA,37.789066,122.391418
+14154419869, HOTEL ELM, 364 EDDY, San Francisco, CA,37.77493,122.419416
+14154419879, CONTINENTAL VAGABOND, 2550 VAN NESS AVE, San Francisco, CA,37.799358,122.423939
+14154419899, BHULABHAI M PATEL, 23 ELLIS, San Francisco, CA,37.77493,122.419416
+14154419909, GOLDEN GATE THEATRE, 25 TAYLOR, San Francisco, CA,37.77493,122.419416
+14154419923, REGGIE ENTOS GROUP INC, 2801 LEAVENWORTH ST, San Francisco, CA,37.807278,122.419471
+14154419943, AMBASSADOR HOTEL, 14 MASON ST, San Francisco, CA,37.783256,122.409082
+14154419945, BOBS DONUT SHOP, 1621 POLK ST, San Francisco, CA,37.791944,122.421016
+14154419970, NARAN P PATEL, 1485 PINE ST, San Francisco, CA,37.789454,122.420132
+14154419989, HOTEL PIERRE, 130 JONES, San Francisco, CA,37.77493,122.419416
+14154599207, PETROLEUM SALES INC, 34 DIVISADERO ST , San Francisco, CA,37.767809,122.436484
+14154599208, PETROLEUM SALES INC, 34 DIVISADERO ST , San Francisco, CA,37.767809,122.436484
+14154599820, J M A PROPERTIES, 320 MARKET 440, San Francisco, CA,37.775252,122.403768
+14154674390, LIDO PASTRY INC, 2684 SAN BRUNO AVE, San Francisco, CA,37.727748,122.40366
+14154679889, CAMPEAU CORP, 150 EXECUTIVE PARK BLVD, San Francisco, CA,37.711211,122.393297
+14154679938, COSTA BRAVA RESTAURANT, 31 7TH ST, San Francisco, CA,37.780008,122.411938
+14154681157, ANDRES JUN, 2200 BAY SHORE BLVD, San Francisco, CA,37.77493,122.419416
+14154685213, ANDRES JUN, 2200 BAY SHORE BLVD, San Francisco, CA,37.77493,122.419416
+14154688028, FIJIANA MARKET, 400 WILDE AVE, San Francisco, CA,37.717305,122.405332
+14154689813, O'CONNOR'S, 2629 SAN BRUNO AVE, San Francisco, CA,37.728461,122.40392
+14154689833, GOLDEN STATE PHARMACY, 2450 SAN BRUNO AVE, San Francisco, CA,37.730126,122.404852
+14154689834, GOLDEN STATE PHARMACY, 2450 SAN BRUNO AVE, San Francisco, CA,37.730126,122.404852
+14154689858, SAM MESSERELI, 2895 SAN BRUNO AVE, San Francisco, CA,37.725541,122.402449
+14154689859, SAM MESSERELI, 2895 SAN BRUNO AVE, San Francisco, CA,37.725541,122.402449
+14154689878, ST ELIZABETH, CATHOLIC, 39 HOLYOKE ST, San Francisco, CA,37.730435,122.410216
+14154689895, ST ELIZABETH, CATHOLIC, 39 HOLYOKE ST, San Francisco, CA,37.730435,122.410216
+14154690746, CARDOVA MARKET, 301 ROLPH ST, San Francisco, CA,37.713535,122.436401
+14154959003, FED RESERVE BNK OF, 101 MARKET ST, San Francisco, CA,37.793194,122.395955
+14154959039, PAN PACIFIC HOTEL SAN FRANCISC, 49 POST STREET, San Francisco, CA,37.789007,122.402876
+14154959046, C W SWEENEY & CO, 232 HARRISON ST, San Francisco, CA,37.787761,122.390914
+14154959048, EMPORIUM, CAPWELL, 425 MARKET ST, San Francisco, CA,37.791279,122.398618
+14154959058, CLUB, CAR INC, 240 4TH ST, San Francisco, CA,37.782555,122.402188
+14154959087, J H BERNHEIM, 172 MARKET ST, San Francisco, CA,37.793606,122.395975
+14154959094, CONTINENTAL DEVELOPMENT, 215 FREMONT ST, San Francisco, CA,37.78898,122.394799
+14154959099, CONTINENTAL DEVELOPMENT, 215 FREMONT ST, San Francisco, CA,37.78898,122.394799
+14154959110, KOHNKE PRINTING CO, 375 FREMONT ST, San Francisco, CA,37.787054,122.392387
+14154959115, HILLSDALE HOTEL, 10 6TH ST, San Francisco, CA,37.780812,122.408711
+14154959124, SOUTH PARK, CAFE INC, 108 S PARK ST, San Francisco, CA,37.78167,122.394459
+14154959142, SALVATION ARMY, 133 SHIPLEY ST, San Francisco, CA,37.780993,122.401313
+14154959182, BUD MODLIN, 410 TOWNSEND ST, San Francisco, CA,37.775134,122.397674
+14154959243, U S COURIER CORP, 365 BRANNAN ST, San Francisco, CA,37.78064,122.393426
+14154959290, C & C INVESTMENTS, 101 HOWARD ST, San Francisco, CA,37.79088,122.392521
+14154959298, J H BERNHEIM, 172 MARKET ST, San Francisco, CA,37.793606,122.395975
+14154959310, BAY AREA INSTLLTNS INC, 128 KING ST, San Francisco, CA,37.779507,122.39071
+14154959323, FRITZI OF California, 199 1ST ST, San Francisco, CA,37.78857,122.396023
+14154959343, MAXIS, 30 FREMONT ST, San Francisco, CA,37.790855,122.397473
+14154959344, MARIPOSA HUNTERS POINT, 405 CHINA BASIN ST, San Francisco, CA,37.772091,122.388572
+14154959351, FED RESERVE BNK OF, 101 MARKET ST, San Francisco, CA,37.793194,122.395955
+14154959354, FED RESERVE BNK OF, 101 MARKET ST, San Francisco, CA,37.793194,122.395955
+14154959363, TW ASSOCIATES, 45 3RD ST, San Francisco, CA,37.78698,122.402733
+14154959369, RINCON CTR ASSOCIATES, 1 RINCON AllY, San Francisco, CA,37.77493,122.419416
+14154959373, MAXIS, 30 FREMONT ST, San Francisco, CA,37.790855,122.397473
+14154959375, FED RESERVE BNK OF, 101 MARKET ST, San Francisco, CA,37.793194,122.395955
+14154959403, FED RESERVE BNK OF, 101 MARKET ST, San Francisco, CA,37.793194,122.395955
+14154959419, C & C INVESTMENTS, 101 HOWARD ST, San Francisco, CA,37.79088,122.392521
+14154959439, S F ADMNSTR INC, 50 2ND ST STE 212, San Francisco, CA,37.788561,122.400642
+14154959473, MARK, CASTAGNOLA, 416 JESSIE ST, San Francisco, CA,37.782646,122.407733
+14154959486, ADOLPH GASSER INC, 1633 GEARY BLVD, San Francisco, CA,37.784637,122.429898
+14154959514, CONSULATE GENL OF JAPAN, 9 FREMONT ST # 23, San Francisco, CA,37.790638,122.397114
+14154959599, GENEBARB INC, 507 FOLSOM ST, San Francisco, CA,37.787206,122.394669
+14154959610, IBM, 15 MARKET STREET, San Francisco, CA,37.794338,122.394905
+14154959632, ALKAIN MOTEL, 948 MISSION ST, San Francisco, CA,37.782056,122.407859
+14154959644, S F RUBBER STMP CO INC, 946 HOWARD ST, San Francisco, CA,37.780638,122.406085
+14154959657, JEWISH COMMUNITY FED, 121 STEUART ST, San Francisco, CA,37.793145,122.392541
+14154959705, PAN PACIFIC HOTEL SAN FRANCISC, 49 POST STREET, San Francisco, CA,37.789007,122.402876
+14154959719, MATTOCK CONST CO, 220 CLARA ST, San Francisco, CA,37.779044,122.402968
+14154959732, IBM, 15 MARKET STREET, San Francisco, CA,37.794338,122.394905
+14154959739, IBM, 15 MARKET STREET, San Francisco, CA,37.794338,122.394905
+14154959740, C B PATEL, 3 5TH ST, San Francisco, CA,37.783182,122.407029
+14154959769, RAMAN DESAI, 149 6TH ST, San Francisco, CA,37.780349,122.407905
+14154959813, THE COMPUTER LRNG CTR, 251 HOWARD ST, San Francisco, CA,37.790307,122.393797
+14154959825, SO BEACH DEVEL CO, 50 2ND ST # 422, San Francisco, CA,37.783702,122.394428
+14154959826, SO BEACH DEVEL CO, 50 2ND ST # 422, San Francisco, CA,37.783702,122.394428
+14154959830, GORR PARTNERSHIP, 250 3RD ST FL 4, San Francisco, CA,37.77493,122.419416
+14154959890, HIROKO THOMPSON, 109 MINNA ST, San Francisco, CA,37.787496,122.399438
+14154959948, SAN FRAN MARRIOTT HOTEL, 14 4TH ST, San Francisco, CA,37.785394,122.405403
+14154959959, C W SWEENEY & CO, 232 HARRISON ST, San Francisco, CA,37.787761,122.390914
+14154959988, CLUB LA DOR, 429 HOWARD ST, San Francisco, CA,37.788798,122.395699
+14154959989, CLUB LA DOR, 429 HOWARD ST, San Francisco, CA,37.788798,122.395699
+14154999675, 1050 NORTHGATE INC, 190 MONTGOMERY ST, San Francisco, CA,37.790882,122.40236
+14155431420, SARA'S, CAFE, 47 5TH ST, San Francisco, CA,37.783182,122.407029
+14155436187, CAFE 330, 330 TOWNSEND ST, San Francisco, CA,37.776592,122.395678
+14155438321, BURGER ISLAND, 291 3RD ST, San Francisco, CA,37.783921,122.399101
+14155438322, BURGER ISLAND, 291 3RD ST, San Francisco, CA,37.783921,122.399101
+14155439514, ROBYN COLOR LAB, 460 HARRISON ST, San Francisco, CA,37.786351,122.392657
+14155509011, 4155509011, 209 ARKANSAS ST, San Francisco, CA,37.763487,122.398291
+14155509016, LUCKY PORK STR INC, 2659 MISSION ST, San Francisco, CA,37.754541,122.418305
+14155509043, JESSIE JOHNSON, 300626TH, San Francisco, CA,37.77493,122.419416
+14155509064, CCSF PUBLIC WORKS, 400 VAN NESS AVE , San Francisco, CA,37.77919,122.419811
+14155509127, ST PAUL#S AUDITORIUM, 221 VALLEY ST, San Francisco, CA,37.744301,122.426932
+14155509128, GROWERS REFRIGERATION INC, 2050 GALVEZ AVE, San Francisco, CA,37.745609,122.39615
+14155509138, SNAZELLE FILMS INC, 155 FELL ST, San Francisco, CA,37.776153,122.420546
+14155509160, A L CHIPMAN, 2130 OAKDALE AVE, San Francisco, CA,37.740211,122.400165
+14155509180, CARL E ROBINSON, 1310 QUESADA AVE, San Francisco, CA,37.729461,122.384074
+14155509191, MARGARET TIMBERLAKE C/O, 1133 S VAN NESS AVE, San Francisco, CA,37.755136,122.41637
+14155509216, SCHMITZ#S SPORTS, 418 VALENCIA ST, San Francisco, CA,37.766183,122.422176
+14155509218, EMMITT KENNEDY, 1635 MCKINNON AVE, San Francisco, CA,37.736418,122.390223
+14155509239, CCSF PUBLIC WORKS, 400 VAN NESS AVE , San Francisco, CA,37.77919,122.419811
+14155509240, WILLIAM BOGDANOFF, 431, CAROLINA ST, San Francisco, CA,37.763381,122.400483
+14155509249, AMERICAN COLLEGE OF, 45 ARKANSAS ST, San Francisco, CA,37.760939,122.398045
+14155509252, POLISH CLUB INC, 3040 22ND ST, San Francisco, CA,37.755851,122.415205
+14155509256, A 1 SANDWICHES INC, 1150 CRESCENT AVE, San Francisco, CA,37.734766,122.411649
+14155509266, PROGRESS FOUNDATION INC, 368 FELL, San Francisco, CA,37.77493,122.419416
+14155509270, BUILDERS EXCHANGE, 440 S VAN NESS AVE, San Francisco, CA,37.76622,122.417626
+14155509285, BUILDERS EXCHANGE, 440 S VAN NESS AVE, San Francisco, CA,37.76622,122.417626
+14155509289, BUILDERS EXCHANGE, 440 S VAN NESS AVE, San Francisco, CA,37.76622,122.417626
+14155509315, RASHMIKANT GAJIWALA, 3308 MISSION ST, San Francisco, CA,37.743806,122.421077
+14155509333, ELLA M BEAN, 1649 LA SALLE AVE, San Francisco, CA,37.737149,122.390367
+14155509345, IMMAC CONCEPTION ACAD, 3625 24TH ST, San Francisco, CA,37.751782,122.423141
+14155509353, YELLOW, CAB CO, 1200 MISSISSIPPI ST., San Francisco, CA,37.751176,122.394278
+14155509357, YELLOW, CAB CO, 1200 MISSISSIPPI ST, San Francisco, CA,37.751176,122.394278
+14155509380, CENTRO SOCIAL OBRERO, 292919TH, San Francisco, CA,37.77493,122.419416
+14155509447, J D CHRISTAKES, 2801 24TH ST, San Francisco, CA,37.752772,122.408333
+14155509473, 3435 ARMY, 3435 ARMY ST, San Francisco, CA,37.814714,122.359207
+14155509494, ARTEMIS SOCIETY, 1199 VALENCIA ST, San Francisco, CA,37.753723,122.420807
+14155509514, 24TH ST LITTLE ITALY CORP, 4109 24TH ST, San Francisco, CA,37.751187,122.434528
+14155509519, CAFE COMMONS, 3161 MISSION ST, San Francisco, CA,37.746402,122.419036
+14155509520, CARLOS HERNANDEZ, 3775 MISSION ST, San Francisco, CA,37.736296,122.424259
+14155509532, WOK IN, CAFETERIA, 9 MENDELL ST, San Francisco, CA,37.743789,122.38318
+14155509549, AIDS ACTIVITIES, 995 POTRERO AVE, San Francisco, CA,37.756883,122.406692
+14155509558, KIMBO COLOR LAB INC, 20 SHOTWELL ST, San Francisco, CA,37.768038,122.416689
+14155509564, LA RONDALLA REST, 491 VALENCIA ST, San Francisco, CA,37.765072,122.421902
+14155509569, WILD WEST, 14 CORTLAND AVE, San Francisco, CA,37.740816,122.422534
+14155509580, CCSF PUBLIC WORKS, 400 VAN NESS AVE , San Francisco, CA,37.77919,122.419811
+14155509644, POP'N CLUB, 2800 24TH ST, San Francisco, CA,37.752862,122.408205
+14155509666, SAN FRANCISCO FD, 2300 FOLSOM ST, San Francisco, CA,37.760483,122.414871
+14155509671, CCSF PUBLIC WORKS, 400 VAN NESS AVE , San Francisco, CA,37.77919,122.419811
+14155509691, SPECKMANN'S, 1550 CHURCH ST., San Francisco, CA,37.74597,122.427078
+14155509699, A KASS, 2418 44TH AVE, San Francisco, CA,37.741466,122.50212
+14155509765, THE ZIPCODERS, 2025 MCKINNON AVE, San Francisco, CA,37.7403,122.39743
+14155509766, GOODMAN LUMBER CO, 35 BAY SHORE BLVD, San Francisco, CA,37.77493,122.419416
+14155509773, FRANCISCO VENEGAS, 3349 23RD ST, San Francisco, CA,37.753763,122.419702
+14155509777, MAR S WONG, 301 MISSISSIPPI ST, San Francisco, CA,37.762573,122.394333
+14155509783, MAR S WONG, 301 MISSISSIPPI ST, San Francisco, CA,37.762573,122.394333
+14155509796, ARMY CIRCLE BP, 2831 ARMY ST, San Francisco, CA,37.748925,122.405848
+14155509800, BUILDERS EXCHANGE, 440 S VAN NESS AVE, San Francisco, CA,37.76622,122.417626
+14155509806, ARMY CIRCLE BP, 2831 ARMY ST, San Francisco, CA,37.748925,122.405848
+14155509817, EL OSO RESTAURANT, 1753 BOLENZ, San Francisco, CA,37.77493,122.419416
+14155509821, AMM MARKET, 1152 VALENCIA ST, San Francisco, CA,37.754462,122.420917
+14155509876, BUR WATER POLLUTN, 340 PHELPS ST, San Francisco, CA,37.74337,122.388131
+14155509929, ED & DANNYS MARKET, 999 S VAN NESS AVE, San Francisco, CA,37.757186,122.416712
+14155569582, LOS PORTALES PHARMACY, 2480 MISSION ST, San Francisco, CA,37.757512,122.419052
+14155634980, MAHERANI RESTAURANT, 1122 POST ST, San Francisco, CA,37.786892,122.42027
+14155639070, NOB HILL NOSMAR, 1400 PACIFIC AVE, San Francisco, CA,37.795507,122.418481
+14155639243, AMERICAN MULTICINEMA INC, 1881 POST ST, San Francisco, CA,37.785145,122.432406
+14155639300, KAISER PERMANENTE HOSP, 2425 GEARY BLVD, San Francisco, CA,37.782478,122.442898
+14155639319, S F HEARING &, 1234 DIVISADERO ST, San Francisco, CA,37.781073,122.4389
+14155639333, ELITE, CAFE RESTAURANT, 2049 FILLMORE ST, San Francisco, CA,37.788583,122.434031
+14155639343, LOUIS J COMADURAN, 245 PRESIDIO AVE, San Francisco, CA,37.789403,122.447238
+14155639352, BEV ENT BEV MANOR, 1477 GROVE ST, San Francisco, CA,37.77547,122.440838
+14155639353, BEV ENT BEV MANOR, 1477 GROVE ST, San Francisco, CA,37.77547,122.440838
+14155639355, BEV ENT BEV MANOR, 1477 GROVE ST, San Francisco, CA,37.77547,122.440838
+14155639427, BURT CTR INC, 940 GROVE ST, San Francisco, CA,37.776732,122.432873
+14155639437, ST FRANCIS HOSP, 490 HYDE ST, San Francisco, CA,37.789746,122.41692
+14155639557, THE SEQUOIAS OF SF, 1400 GEARY BLVD, San Francisco, CA,37.785555,122.426514
+14155639628, WESTERN PARK APTS INC, 1280 LAGUNA ST, San Francisco, CA,37.78273,122.427402
+14155639633, HANNIBAL LODGE NO 1, 2804 BUSH ST, San Francisco, CA,37.785752,122.443568
+14155639645, ST ANTHONY FOUNDATION, 121 GOLDEN GATE AVE, San Francisco, CA,37.782056,122.412589
+14155639737, S F GO CLUB, 1881 BUSH ST, San Francisco, CA,37.787621,122.428059
+14155639738, EMANUEL CHRCH OF GOD, 1649 HAYES ST, San Francisco, CA,37.774157,122.443513
+14155639760, STEVE PASQUAN, 2801 GREENWICH ST, San Francisco, CA,37.797676,122.445782
+14155639777, CONG SHERITH ISRAEL, 2262 California ST, San Francisco, CA,37.789201,122.43167
+14155639824, ACAD OF SACREDHEART, 2222 BROADWAY ST, San Francisco, CA,37.795246,122.434277
+14155639840, HERITAGE CO, 3400 LAGUNA ST, San Francisco, CA,37.802889,122.431333
+14155639892, CALVARY PRESBYTERIAN CHRCH, 2515 FILLMORE ST, San Francisco, CA,37.792598,122.434859
+14155639897, L'ENTRECOTE DE PARIS, 2032 UNION ST, San Francisco, CA,37.797558,122.432828
+14155639959, UNIV OF THE PACIFIC, 2155 WEBSTER ST, San Francisco, CA,37.790292,122.432569
+14155644065, LITTLE SHAMROCK INC, 397 LINCOLN WAY, San Francisco, CA,37.766051,122.462141
+14155676924, KHARSAS BROTHERS DELI, 1801 DIVISADERO ST, San Francisco, CA,37.786267,122.440396
+14155841280, DIAMOND SUPERMKT, 2815 DIAMOND ST, San Francisco, CA,37.73398,122.433626
+14155851523, COTTERS CORNER, 331 MISSION ST., San Francisco, CA,37.727175,122.432934
+14155856519, DIAMOND SUPERMKT, 2815 DIAMOND ST, San Francisco, CA,37.73398,122.433626
+14155865964, VILLAGE FOODS, 2575 OCEAN AVE, San Francisco, CA,37.731565,122.473245
+14155959149, PENINSULA OIL CO, 1655 JERROLD AVE, San Francisco, CA,37.73935,122.390593
+14156215654, NOE VALLEY MKT, 200 NOE ST, San Francisco, CA,37.765716,122.433485
+14156219026, IVY S INC, 398 HAYES ST, San Francisco, CA,37.777006,122.42289
+14156219042, SQUID'S, 96 MC ALLISTER, San Francisco, CA,37.77493,122.419416
+14156219046, GLIDDEN CO, 1000 16TH ST, San Francisco, CA,37.766453,122.39693
+14156219050, DAHYABHAI PATEL, 1040 FOLSOM ST, San Francisco, CA,37.777956,122.406706
+14156219057, STARS, 150 REDWOOD, San Francisco, CA,37.77493,122.419416
+14156219110, D G PATEL, 171 FELL ST, San Francisco, CA,37.776115,122.420809
+14156219126, THRIFT TOWN, 2101 MISSION ST, San Francisco, CA,37.717407,122.462609
+14156219127, YOUTH FOR SVC, 25 14TH ST, San Francisco, CA,37.768559,122.413924
+14156219145, FIRST BAPTIST CHURCH, 21 OCTAVIA ST, San Francisco, CA,37.77493,122.419416
+14156219174, SALVATION ARMY, 1275 HARRISON ST, San Francisco, CA,37.772606,122.409774
+14156219207, FIRST CHRISTIAN CHRCH, 405 DORADO TER, San Francisco, CA,37.725627,122.461631
+14156219209, SNAZELLE FILMS INC, 155 FELL ST, San Francisco, CA,37.776153,122.420546
+14156219237, MART BAR & GRILL, 1355 MARKET, San Francisco, CA,37.77493,122.419416
+14156219259, ORPHEUM THEATRE, 1192 MARKET, San Francisco, CA,37.77493,122.419416
+14156219263, STRAND THEATRE, 1127 MARKET ST, San Francisco, CA,37.779872,122.41307
+14156219303, SOON LEE RESTAURANT, 1688 BRYANT ST, San Francisco, CA,37.765686,122.410527
+14156219313, NSTB INC, 3160 16TH ST, San Francisco, CA,37.764961,122.423252
+14156219316, MISSION HOTEL, 110 S VAN NESS AVE, San Francisco, CA,37.776519,122.419453
+14156219327, RICHARD B REDIWELL, 1354 HARRISON ST, San Francisco, CA,37.772025,122.41077
+14156219346, LLOYD'S BAR, 1099 MISSION ST, San Francisco, CA,37.77922,122.410911
+14156219347, FRANCIS OF ASSISICMTY, 145 GUERRERO ST, San Francisco, CA,37.768922,122.423874
+14156219379, REV PETER WILLIAMS, 198 HAYES, San Francisco, CA,37.77493,122.419416
+14156219402, INTL CTR, 9 OAK ST, San Francisco, CA,36.760693,121.765735
+14156219406, PACIF UNION CO, 478 BRANNAN ST , San Francisco, CA,37.779727,122.39463
+14156219425, MART BAR & GRILL, 1355 MARKET, San Francisco, CA,37.77493,122.419416
+14156219428, OAK HILL MARKET, 46 OAK ST, San Francisco, CA,37.775345,122.420215
+14156219435, MISSION HOTEL, 110 S VAN NESS AVE, San Francisco, CA,37.776519,122.419453
+14156219460, NICK'S SUPERMARKET, 144 PAGE, San Francisco, CA,37.77493,122.419416
+14156219501, WESTSIDE LODGE, 120 PAGE, San Francisco, CA,37.77493,122.419416
+14156219531, VARIATION MARKET & LIQUOR, 44 SANCHEZ ST, San Francisco, CA,37.768491,122.431637
+14156219544, FOX PLAZA BUILDING, POLK & MARKET, San Francisco, CA,37.77493,122.419416
+14156219560, IVY HOTEL, 129 OCTAVIA, San Francisco, CA,37.777257,122.424957
+14156219566, DILLINGHAM CONSTRUCTION, 1182 MARKET STE 212, San Francisco, CA,37.77493,122.419416
+14156219572, BI RITE INSTITUTIONAL, 201 ALABAMA ST, San Francisco, CA,37.766275,122.412358
+14156219656, THE BADLANDS, 412118TH, San Francisco, CA,37.77493,122.419416
+14156219685, SAN FRANCISCO LAW SCHOOL, 20 HAIGHT ST, San Francisco, CA,37.773208,122.422862
+14156219692, SPIRITUAL ASSEMBLY OF, 170 VALENCIA ST, San Francisco, CA,37.770431,122.422848
+14156219703, URBAN SCHOOL OF S F, 1563 PAGE ST, San Francisco, CA,37.770881,122.446239
+14156219750, DON RAMON#S REST, 225 11TH ST, San Francisco, CA,37.772858,122.415095
+14156219775, S P C A, 2500 16TH, San Francisco, CA,37.765622,122.412116
+14156219782, COLISEUM BAR & GRILL, 1525 MISSION ST, San Francisco, CA,37.773654,122.417333
+14156219825, RANDALL MUSEUM SOCIETY, 199 MUSEUM WAY, San Francisco, CA,37.764421,122.438256
+14156219850, UNITY MUTUAL BENEFIT ASSOC, 138 HAIGHT ST, San Francisco, CA,37.772873,122.424588
+14156219904, DISCOUNT BLDRS SUPPLY, 1695 MISSION ST, San Francisco, CA,37.770743,122.41963
+14156219905, MICHAEL TSANG, 300 DE HARO ST , San Francisco, CA,37.765574,122.401835
+14156219953, VINCENT KIRCHER, 982 POST ST, San Francisco, CA,37.787055,122.418222
+14156219978, N N PATEL, 2176 MISSION ST, San Francisco, CA,37.762167,122.419545
+14156241411, THE MCGUIRE CO, 1201 BRYANT ST, San Francisco, CA,37.769841,122.410213
+14156268756, NEW SANTA CLARA MKT, 389 HAIGHT ST., San Francisco, CA,37.772343,122.428555
+14156410742, ALL SEASONS MKT, 401, CAPP ST, San Francisco, CA,37.76016,122.417831
+14156415635, EL MARIACHI NIGHT CLUB, 3024 MISSION ST, San Francisco, CA,37.748656,122.418273
+14156415951, EL BRAMADERO REST., 3215 MISSION ST., San Francisco, CA,37.745267,122.419957
+14156415991, EL BRAMADERO RESTAURANT, 33215 MISSION ST, San Francisco, CA,37.739281,122.42392
+14156419510, RAMAN PATEL DBA EL, CAPITAN, 2361 MISSION ST, San Francisco, CA,37.759243,122.418996
+14156419571, SANTA LUCIA GROCERY DELI, 3548 22ND ST, San Francisco, CA,37.755064,122.426494
+14156419576, ST PHILLIPS CHRCH, 315 DIAMOND ST, San Francisco, CA,37.757317,122.436832
+14156419582, ARMY ST MINI STORAGE, 1100 26TH ST, San Francisco, CA,37.751512,122.390898
+14156419587, LOOMIS ARMORED INC, 1060 MARIN ST, San Francisco, CA,37.749151,122.387168
+14156419635, MUNPHER SALEH REUBENS MKT, 2997 FOLSOM ST, San Francisco, CA,37.749377,122.413782
+14156419648, LA POSTA, 2891 24TH ST, San Francisco, CA,37.752743,122.409799
+14156419915, EL MARIACHI NIGHT CLUB, 3024 MISSION ST, San Francisco, CA,37.748656,122.418273
+14156480335, DISCNT PRODCE & MEAT CNTR, 2732 MISSION ST, San Francisco, CA,37.75339,122.418609
+14156484732, BALONPIE, CAFE, 3349 18TH ST, San Francisco, CA,37.761849,122.418151
+14156486176, LAS GITNAS REST., 3200 24TH ST., San Francisco, CA,37.752266,122.416413
+14156486576, COURTYARD, CAFE, 3913 24TH STREET, San Francisco, CA,37.751457,122.430033
+14156618659, PINE LAKE MKT, 1209 VINCENTE ST., San Francisco, CA,37.77493,122.419416
+14156688502, ST MARY'S HOSP, 40 STANYAN ST, San Francisco, CA,37.780881,122.456174
+14156688503, PRESIDO GOLF CLUB INC, 8 PRESIDIO TER, San Francisco, CA,37.789285,122.460851
+14156688514, ST MARY'S HOSP, 40 STANYAN ST, San Francisco, CA,37.780881,122.456174
+14156688574, MIKES CHINESE CUISINE INC, 1045 GEARY BLVD, San Francisco, CA,37.785682,122.421481
+14156688603, ST MARY'S HOSP, 40 STANYAN ST, San Francisco, CA,37.780881,122.456174
+14156688637, SUSAN BOSTROM WONG, 406 CLEMENT ST, San Francisco, CA,37.783225,122.463777
+14156688642, ST MARY'S HOSP, 40 STANYAN ST, San Francisco, CA,37.780881,122.456174
+14156688643, JOSEPH M HOPE DBA, 1046 IRVING ST, San Francisco, CA,37.763929,122.469224
+14156688673, ANTHONY J RANDO, 139 23RD AVE, San Francisco, CA,37.785068,122.483278
+14156688676, CLEMENT ST BAR & GRILL, 298 CLEMENT ST, San Francisco, CA,37.783067,122.462271
+14156688691, ST MARY'S HOSP, 40 STANYAN ST, San Francisco, CA,37.780881,122.456174
+14156688692, ST MARY'S HOSP, 40 STANYAN ST, San Francisco, CA,37.780881,122.456174
+14156688693, ST MARY'S HOSP, 40 STANYAN ST, San Francisco, CA,37.780881,122.456174
+14156688694, ST MARY'S HOSP, 40 STANYAN ST, San Francisco, CA,37.780881,122.456174
+14156688697, ST MARY'S HOSP, 40 STANYAN ST, San Francisco, CA,37.780881,122.456174
+14156688712, LAUREL SUPER MARKET, 3445 California ST, San Francisco, CA,37.786335,122.45083
+14156688723, FREDRICKA FLEMING, 223 BATTERY ST , San Francisco, CA,37.793617,122.400082
+14156688730, OCEANVIEW MARKET, 3401 GEARY BLVD, San Francisco, CA,37.78115,122.455335
+14156688732, OCEANVIEW MARKET, 3401 GEARY BLVD, San Francisco, CA,37.78115,122.455335
+14156688750, HOLY VIRGIN CMMNTY OF SAN FRAN INC, 2110 GEARY BLVD, San Francisco, CA,37.783785,122.43805
+14156688760, CHURCHHILLS OF SAN FRANCI, 45 CLEMENT ST, San Francisco, CA,37.783162,122.45978
+14156688761, CHURCHHILLS OF SAN FRANCI, 45 CLEMENT ST, San Francisco, CA,37.783162,122.45978
+14156688768, PARK BOWL INC, 1855 HAIGHT ST, San Francisco, CA,37.769197,122.452646
+14156688769, PARK BOWL INC, 1855 HAIGHT ST, San Francisco, CA,37.769197,122.452646
+14156688780, THE FRONT ROOM, 413 CLEMENT ST, San Francisco, CA,37.782969,122.463688
+14156717640, STAR MKT & LIQUOR, 300 3RD ST, San Francisco, CA,37.783525,122.39901
+14156739221, GEARY HOTEL, 200 GEARY ST., San Francisco, CA,37.787624,122.406657
+14156739222, GEARY HOTEL, 200 GEARY ST, San Francisco, CA,37.787624,122.406657
+14156739223, GEARY HOTEL, 200 GEARY ST, San Francisco, CA,37.787624,122.406657
+14156739224, GEARY HOTEL, 200 GEARY ST, San Francisco, CA,37.787624,122.406657
+14156815783, TALPER RESTAURANT, 2666 OCEAN AVE, San Francisco, CA,37.732354,122.474389
+14157137441, TWIN PEAKS BP, 188 PORTOLA DR, San Francisco, CA,37.747096,122.444666
+14157318608, RAINTREE, CAFE, 244 IRVIN ST, San Francisco, CA,37.77493,122.419416
+14157479987, LA HONDA YMCA, CAMP, 220 GOLDEN GATE AV, San Francisco, CA,37.7821,122.414273
+14157491782, A&K LIQUORS, 190 OFFARREL, San Francisco, CA,37.77493,122.419416
+14157512401, JESSE FUNK TOY BOATS, 401 CLEMENT ST, San Francisco, CA,37.782882,122.463531
+14157532086, BUCKS MARKET, 3401 IRVING ST, San Francisco, CA,37.762551,122.494431
+14157536376, CHANSAMERICA ENTERPRISES, 301 CLAREMONT BLVD, San Francisco, CA,37.740391,122.464792
+14157538726, CHANSAMERICA ENTERPRISES, 301 CLAREMONT BLVD, San Francisco, CA,37.740391,122.464792
+14157539016, SN FRAN CITY & COUNTY, 25 VAN NESS AVE , San Francisco, CA,37.750777,122.416123
+14157539017, SN FRAN CITY & COUNTY, 25 VAN NESS AVE , San Francisco, CA,37.750777,122.416123
+14157539062, ELIZABETH FRY CENTER, 942 MARKET , San Francisco, CA,37.77493,122.419416
+14157539070, 19TH AVE BAPTIST CHRCH, 1370 19TH AVE, San Francisco, CA,37.761846,122.476853
+14157539175, YANCY#S, 324 IRVING ST, San Francisco, CA,37.764273,122.461441
+14157539209, ST IGNATIUS HIGH SCHOOL, 2001 37TH AVE, San Francisco, CA,37.748142,122.495588
+14157539221, MIKES UNION 76, 145 IRVING ST, San Francisco, CA,37.764339,122.459352
+14157539267, REV RICHARD T JEFFERSON, 3355 19TH AVE, San Francisco, CA,37.728411,122.475147
+14157539273, ROBERT CLUTTON, 954 ASHBURY ST, San Francisco, CA,37.764885,122.445778
+14157539298, S F LAWN BOWLING CLUB, 128 HURON AVE, San Francisco, CA,37.711725,122.450013
+14157539300, GRANDMAS SALOON, 1016 TARAVAL ST, San Francisco, CA,37.7431,122.477137
+14157539365, ANTHONY SCHOOL OF RL EST, 2145 19TH AVE, San Francisco, CA,37.747655,122.476186
+14157539368, EDDYS UNION 76, 2710 SLOAT BLVD, San Francisco, CA,37.735572,122.503334
+14157539376, PETES UNOCAL 76 SERVICE, 3701 NOSICGA ST, San Francisco, CA,37.77493,122.419416
+14157539441, DONALD YOUNG REALTY, 212 WASHINGTON ST , San Francisco, CA,37.795862,122.40081
+14157539448, BARBARY COAST, 215 W PORTAL, San Francisco, CA,37.741678,122.467954
+14157539453, ANTHONY SCHOOLS OF S F, 214519TH AV, San Francisco, CA,37.747655,122.476186
+14157539465, FAIRLANE FOODS, 2801 VICENTE ST, San Francisco, CA,37.738113,122.497272
+14157539484, ST ANNE'S MEN'S CLUB, 440 JUDAH PYPHN ACCT, San Francisco, CA,37.77493,122.419416
+14157539504, SF COMMUNITY COLLEGE DIST, 33 GOUGH STREET, San Francisco, CA,37.772055,122.421271
+14157539519, ST CECILIAS SCHOOL, 18TH AV & VICENTE, San Francisco, CA,37.77493,122.419416
+14157539520, THE GROVE HOMEOWNRS, 2780 19TH AVE, San Francisco, CA,37.736017,122.474053
+14157539531, SAM'S EL TOREADOR, 1541 TARAVAL ST, San Francisco, CA,37.742489,122.482813
+14157539542, CATHOLIC KOLPING SOC, 1027 JUDAH ST, San Francisco, CA,37.761756,122.473239
+14157539546, HAROLD L FOGE, 285 OLYMPIA WAY, San Francisco, CA,37.75138,122.456113
+14157539547, ARMENIAN APOSTOLIC, 275 OLYMPIA WAY, San Francisco, CA,37.751233,122.455631
+14157539571, CHEN PENG, 1476 19TH AVE, San Francisco, CA,37.760297,122.476694
+14157539595, JOHN J DITO & SON, 186 PACIFIC AVE, San Francisco, CA,37.798033,122.399139
+14157539606, HERBERT HOOVER JR HIGH, 350 MARKET ST STE 816, San Francisco, CA,37.792324,122.397713
+14157539613, LAURANCE MAHAN, 9 W PORTAL AVE, San Francisco, CA,37.740687,122.46581
+14157539633, HELEN B LANGE, 2366 19TH AVE, San Francisco, CA,37.743705,122.475531
+14157539635, DUMAR FAJARDIN &, 1700 NORIEGA ST, San Francisco, CA,37.75406,122.482226
+14157539639, VICTORIA MEARS, 2690 46TH AVE, San Francisco, CA,37.736163,122.504211
+14157539643, YMCA, 333 EUCALYPTUS DR, San Francisco, CA,37.731032,122.476584
+14157539802, BEIJING ON IRVING REST., 1030 IRVING ST, San Francisco, CA,37.764036,122.469074
+14157539813, ASHBURY MKT, 205 FREDERICK ST, San Francisco, CA,37.767176,122.446539
+14157539850, SAM SHUM INC, 3601 LAWTON ST, San Francisco, CA,37.756623,122.501654
+14157595543, CLEOPATRA, 1755 NORIEGA ST, San Francisco, CA,37.753836,122.482792
+14157597978, CHARLIES MARKET, 3960 IRVING ST, San Francisco, CA,37.762713,122.500567
+14157757489, FIDDLERS GREEN, 1333 COLUMBUS AVE, San Francisco, CA,37.806463,122.419543
+14157769116, G+H LIQUOR + GROCERY, 201 JONES ST, San Francisco, CA,37.782651,122.412475
+14157769122, G+H LIQUOR + GROCERY, 201 JONES ST, San Francisco, CA,37.782651,122.412475
+14157771711, SORRENTO GARDEN, 121 MISSION ST, San Francisco, CA,37.792017,122.39472
+14157773279, BOARD ROOM, CAFE, 108 BRYANT ST, San Francisco, CA,37.786262,122.389722
+14157888162, POLO'S RESTAURANT, 34 MASON, San Francisco, CA,37.77493,122.419416
+14157888938, WORLD THEATRE, 234 BROADWAY ST, San Francisco, CA,37.798533,122.401642
+14157889029, CAPP S CORNER, 1600 POWELL ST, San Francisco, CA,37.799465,122.410432
+14157889208, USDA, 140 KEARNY ST , San Francisco, CA,37.789488,122.403835
+14157889230, TWM INDUSTRIES, 270 COLUMBUS AVE, San Francisco, CA,37.797796,122.406316
+14157889249, ORCHARD HOTEL ASSOCIATION, 152 SUTTER, San Francisco, CA,37.77493,122.419416
+14157889331, JOHN KENASTON, 365 BUSH ST, San Francisco, CA,37.790851,122.403508
+14157889334, CHRISTOPHER SHEARMAN, 1630 POWELL ST, San Francisco, CA,37.799773,122.410637
+14157889343, SAN FRANCISCO ELKS LODGE, 5 POST ST, San Francisco, CA,37.789098,122.402091
+14157889363, KING GEORGE HOTEL, 334 MASON, San Francisco, CA,37.77493,122.419416
+14157889368, SN FRAN CITY & COUNTY, 25 VAN NESS AVE , San Francisco, CA,37.750777,122.416123
+14157889374, GERDA LEVY, 205 SANSOME ST, San Francisco, CA,37.79221,122.401015
+14157889389, THE WORLD AFFAIRS, 312 SUTTER ST , San Francisco, CA,37.789682,122.405848
+14157889478, RESTAURANT OF SHADOWS, 1349 MONTGOMERY ST, San Francisco, CA,37.801813,122.404642
+14157889909, CHINESE CONSULATE, 145 MONTGOMERY ST , San Francisco, CA,37.790614,122.402444
+14157939107, SEVENTEETH & COLE ST MKT, 1400 COLE ST, San Francisco, CA,37.76154,122.448995
+14158215814, ALEMANY SUPERMKT, 400 ALEMANY BLVD, San Francisco, CA,37.733129,122.41458
+14158222056, CANDLESTICK RV PARK, 240 GILMAN AVE, San Francisco, CA,37.77493,122.419416
+14158223669, CANDLESTICK RV PARK, 240 GILMAN AVE, San Francisco, CA,37.77493,122.419416
+14158225130, TOW JACKS FISH MKT., 984 GILMAN AVE, San Francisco, CA,37.718219,122.388109
+14158226046, CANDLESTICK RV PARK, 240 GILMAN AVE, San Francisco, CA,37.77493,122.419416
+14158226185, CANDLESTICK RV PARK, 240 GILMAN AVE, San Francisco, CA,37.77493,122.419416
+14158229849, SOUTHEAST HEALTH CTR, 2401 KEITH ST, San Francisco, CA,37.725646,122.392001
+14158229912, WORLD, CARPET, 1280 VAN DYKE AVE, San Francisco, CA,37.725839,122.386137
+14158229928, O'KEEFFE'S INC, 34 WILLIAMS AVE, San Francisco, CA,37.729672,122.393676
+14158229931, O'KEEFFE'S INC, 34 WILLIAMS AVE, San Francisco, CA,37.729672,122.393676
+14158229943, H & K LIQUORS, 1300 FITZGERALD AVE, San Francisco, CA,37.723098,122.395013
+14158229952, FILE SAFE INC, 9 CRISP RD, San Francisco, CA,37.727733,122.379601
+14158229967, TOCK CORP, 1311 3RD ST, San Francisco, CA,37.772819,122.389553
+14158245389, EBLOS SUN VALLEY DAIRY, 2900 24TH ST, San Francisco, CA,37.752898,122.410272
+14158249482, CORINES DELI, CAFA, 3202 FOLSOM ST, San Francisco, CA,37.747107,122.413584
+14158268352, NEW POTRERO MARKET, 1301 18TH STREET, San Francisco, CA,37.762463,122.395794
+14158519920, THE FAMILY, 135 POWELL ST, San Francisco, CA,37.786006,122.408294
+14158519993, THE FAMILY, 135 POWELL ST, San Francisco, CA,37.786006,122.408294
+14158539254, PACIFIC TEL CO, 44 2ND AVE, San Francisco, CA,37.787082,122.460409
+14158539761, UCSF CED 322, 290 YERBA BUENA PL, San Francisco, CA,37.733848,122.459212
+14158610775, CIVIC CENTER MKT, 1292 MKT. ST., San Francisco, CA,37.777859,122.416149
+14158610776, CIVIC CENTER MKT, 1292 MKT. ST., San Francisco, CA,37.777859,122.416149
+14158614526, ZAHNS RESTAURANT, 1555 MISSION ST., San Francisco, CA,37.773673,122.417903
+14158614702, VALMAR SUPER MARKET, 16 VALENCIA ST, San Francisco, CA,37.771754,122.422707
+14158619004, BAUMGARTEN&FISHBEIN, 270 8TH ST, San Francisco, CA,37.775418,122.410631
+14158619007, BAUMGARTEN&FISHBEIN, 270 8TH ST, San Francisco, CA,37.775418,122.410631
+14158619013, INN AT THE OPERA, 333 FULTON, San Francisco, CA,37.77493,122.419416
+14158619014, INN AT THE OPERA, 333 FULTON ST, San Francisco, CA,37.778773,122.422281
+14158619021, SAN FRANCISCO BAND, 1519 MISSION ST, San Francisco, CA,37.773916,122.417453
+14158619024, MUSEUM OF MODERN ART, 401 VAN NESS AV, San Francisco, CA,37.779649,122.420552
+14158619029, CITY AND COUNTY OF S F, ROOM 353 CITY HALL, San Francisco, CA,37.737293,122.394161
+14158619057, GRAND CENTRAL SAUNA/HOT T, 15 FELL, San Francisco, CA,37.77493,122.419416
+14158619069, MUSCLE SYSTEMS, 2275 MARKET ST, San Francisco, CA,37.764676,122.432246
+14158619081, MISSION NEIGHBORHOOD, 240 SHOTWELL ST, San Francisco, CA,37.764646,122.416431
+14158619103, ST BONIFACE CHURCH, 133 GOLDEN GATE AV, San Francisco, CA,37.781837,122.413166
+14158619105, ALCOHOLIC REHABIL, 1035 HAIGHT ST, San Francisco, CA,37.770842,122.439411
+14158619135, SOON LEE RESTAURANT, 1688 BRYANT ST, San Francisco, CA,37.765686,122.410527
+14158619193, THE MUSCLE SYSTEM, 364 HAYES, San Francisco, CA,37.77493,122.419416
+14158619232, NAT'L MARITIME UNION, 1040 MARIPOSA ST, San Francisco, CA,37.764091,122.39438
+14158619247, HARRINGTONS BAR, 9 JONES, San Francisco, CA,37.77493,122.419416
+14158619294, CORNETT N RHODES, 260 DIVISADERO ST, San Francisco, CA,37.771628,122.436876
+14158619313, SWEDISH AMER HALL, 2174 MARKET ST, San Francisco, CA,37.76635,122.430574
+14158619351, CIVIC CNT PLAZA GARAGE, 355 MCALLISTER, San Francisco, CA,37.780205,122.417807
+14158619375, RAFFLES INC, 1390 MARKET ST, San Francisco, CA,37.776568,122.417652
+14158619382, P E O#HAIR & CO, 945 BRYANT ST, San Francisco, CA,37.773069,122.405172
+14158619474, ASSOC LIMOUSINE CO, 1398 BRYANT ST, San Francisco, CA,37.768291,122.410901
+14158619491, MISSION HOTEL, 110 S VAN NESS AVE, San Francisco, CA,37.776519,122.419453
+14158619493, NICK SABA, 300 17TH, San Francisco, CA,37.77493,122.419416
+14158619498, JESSIE GUNNE SAX LTD, 1400 16TH ST, San Francisco, CA,37.766291,122.40084
+14158619510, PETER KUNG, 9, CASTRO ST, San Francisco, CA,37.769957,122.436301
+14158619536, DONNELLY HOTEL, 1272 MARKET ST, San Francisco, CA,37.778054,122.415906
+14158619587, CASEY CHUANG DBA, 101 UTAH ST , San Francisco, CA,37.76768,122.405701
+14158619595, CASEY CHUANG DBA, 101 UTAH ST , San Francisco, CA,37.76768,122.405701
+14158619617, SF COMMUNITY COLLEGE DIST, 33 GOUGH STREET, San Francisco, CA,37.772055,122.421271
+14158619632, LOMA, CASA HOTEL, 190 FILLOMORE ST, San Francisco, CA,37.77493,122.419416
+14158619633, FILM ARTS FNDTN INC, 346 9TH 2ND FLR, San Francisco, CA,37.77493,122.419416
+14158619647, JULIE'S SUPPER CLUB, 1123 FOLSOM ST, San Francisco, CA,37.776089,122.408244
+14158619650, PORT DELI & BAKERY, 3499 16TH ST, San Francisco, CA,37.764355,122.430868
+14158619721, RAFFLES INC, 1390 MARKET ST, San Francisco, CA,37.776568,122.417652
+14158619736, UNITY MUTUAL BENEFIT ASSOC, 138 HAIGHT ST, San Francisco, CA,37.772873,122.424588
+14158619790, CHURCH OF SCIENTOLOGY, 42 MCALLISTER, San Francisco, CA,37.77493,122.419416
+14158619827, SINCERE, CAFE, 308316TH, San Francisco, CA,37.77493,122.419416
+14158619862, CITY ATHLETIC CLUB, 2500 MARKET ST, San Francisco, CA,37.762153,122.436364
+14158619887, LEE DORA RIGMAIDEN, 233 WALLER ST, San Francisco, CA,37.771515,122.427562
+14158619913, ERNST MEYER, 2251 MARKET ST, San Francisco, CA,37.764947,122.431916
+14158619963, THE JOHN STEWART CO, 13 MC ALLISTER, San Francisco, CA,37.77493,122.419416
+14158619987, NARIMI GOSEI YAMAGUCHI, 97 COLLINGWOOD ST, San Francisco, CA,37.760932,122.435899
+14158637589, LA FE DELICATESSEN Z, 115 7TH ST, San Francisco, CA,37.779003,122.410658
+14158638948, KING DINER, 1390 MISSION STREET, San Francisco, CA,37.775862,122.415956
+14158643571, ZAOH, 1559 MISSION ST, San Francisco, CA,37.773259,122.418084
+14158649029, EDWARD WANG, 3600 16TH ST, San Francisco, CA,37.76431,122.433288
+14158649038, JB'S PLACE, 1435 17TH STREET, San Francisco, CA,37.76496,122.398422
+14158649106, JOHN BULL INC, 93 9TH ST, San Francisco, CA,37.776493,122.414885
+14158649124, FRENCH AMERICAN INT SCHOO, 220 BUCHANAN, San Francisco, CA,37.77493,122.419416
+14158649129, AHMED A MIRZA, 41 JONES 3RD FLR, San Francisco, CA,37.77493,122.419416
+14158649164, NEW SIXTH STREET MARKET, 96 6TH ST, San Francisco, CA,37.781011,122.408777
+14158649166, NEW SIXTH STREET MARKET, 96 6TH ST, San Francisco, CA,37.781011,122.408777
+14158649189, WEST COAST SALVAGE CO, 350 RHODE ISLAND ST, San Francisco, CA,37.765574,122.402789
+14158649192, CORN & COMPANY, 298 DIVISADERO ST, San Francisco, CA,37.772122,122.437085
+14158649230, MARKET UNOCAL, 1998 MARKET ST, San Francisco, CA,37.769831,122.426393
+14158649261, IL PIRATA REST & BAR, 2007 16TH ST, San Francisco, CA,37.765808,122.406937
+14158649265, MARKET UNOCAL, 1998 MARKET ST, San Francisco, CA,37.769831,122.426393
+14158649341, HTL REST BRTNDRS, 209 GOLDEN GATE AVE, San Francisco, CA,37.78172,122.414161
+14158649342, JOSE EVANS, 1500 PAGE ST, San Francisco, CA,37.771223,122.445751
+14158649343, VINCENT KIRCHER, 982 POST ST, San Francisco, CA,37.787055,122.418222
+14158649352, RICHARD E CHAPMAN, 1801 MARKET ST, San Francisco, CA,37.771306,122.423535
+14158649392, JOHN BULL INC, 93 9TH ST, San Francisco, CA,37.776493,122.414885
+14158649404, HAYES ST GRILL, 320 HAYES ST, San Francisco, CA,37.777143,122.421731
+14158649417, MICHAEL ZHAO, 1466 HAIGHT, San Francisco, CA,37.76922,122.448139
+14158649484, ENG SKELL DBA, 1035 HOWARD ST, San Francisco, CA,37.778676,122.407612
+14158649494, REEL VICTORIAN BED & BRKF, 1665 HEIGHT ST, San Francisco, CA,37.77493,122.419416
+14158649509, BIJOU THEATER, 1046 MARKET, San Francisco, CA,37.77493,122.419416
+14158649519, PRITA HOTEL, 2284 MISSION ST, San Francisco, CA,37.760471,122.419513
+14158649600, THE MCGUIRE CO, 1201 BRYANT ST, San Francisco, CA,37.769841,122.410213
+14158649621, THEATER ARTAUD, 48 ALABAMA ST , San Francisco, CA,37.767503,122.41261
+14158649629, SLOVENIAN HALL, 2101 MARIPOSA ST, San Francisco, CA,37.763273,122.404976
+14158649642, BARABERT SINGH KANEGSON, 1390 WALLER ST, San Francisco, CA,37.76916,122.446529
+14158649676, MART BAR & GRILL, 1355 MARKET, San Francisco, CA,37.77493,122.419416
+14158649683, CHURCH OF THE ADVENT, 162 HICKORY, San Francisco, CA,37.77493,122.419416
+14158649705, NOCTURNE INC, 2051 3RD ST, San Francisco, CA,37.763786,122.388375
+14158649772, WOMEN'S BLDG OF, 3543 18TH ST BLDG, San Francisco, CA,37.77493,122.419416
+14158649784, SOON LEE RESTAURANT, 1688 BRYANT ST, San Francisco, CA,37.765686,122.410527
+14158649795, DENNIS ZIEDELL, 3991 17TH ST, San Francisco, CA,37.762465,122.434927
+14158654824, EMILE AT ZOLAS INC, 395 HAYES ST, San Francisco, CA,37.735083,122.455483
+14158821009, KUBLAI KHANS, 1160 POLK ST, San Francisco, CA,37.787459,122.419999
+14158857642, PRESS & UNION LEAGUE CLUB, 145 PAST ST, San Francisco, CA,37.77493,122.419416
+14158857854, PRESS & UNION LEAGUE CLUB, 145 PAST ST, San Francisco, CA,37.77493,122.419416
+14158857951, PRESS & UNION LEAGUE CLUB, 145 PAST ST, San Francisco, CA,37.77493,122.419416
+14158859020, DANIEL BURNHAM COURT, 1 DANIEL BURNHAM CT, San Francisco, CA,37.786744,122.422234
+14158859111, AMERICAN MULTICINEMA INC, 1881 POST ST, San Francisco, CA,37.785145,122.432406
+14158859207, THE GROVE, 2250 CHESTNUT ST, San Francisco, CA,37.800432,122.44058
+14158859229, FIRST CHINESE RESTAURANT, 201 LARKIN ST, San Francisco, CA,37.779511,122.41679
+14158859330, MAGIC FLUTE, 3673 SACRAMENTO ST, San Francisco, CA,37.787164,122.453084
+14158859500, SAMUEL G CHICOS, 1168 LEAVENWORTH ST, San Francisco, CA,37.792054,122.415728
+14158859554, ARMANDO RODRIGUEZ, 100 LARKIN, San Francisco, CA,37.77493,122.419416
+14158859568, 1650 JACKSON ASSOC, 50 2ND ST # 422, San Francisco, CA,37.783702,122.394428
+14158859576, PRESS & UNION LEAGUE CLUB, 145 PAST ST, San Francisco, CA,37.77493,122.419416
+14158859629, JALALEDDIN TAKESH, 1516 BROADWAY ST, San Francisco, CA,37.79602,122.422254
+14158859658, ADELAIDE INN, 5 ADELAIDE PL, San Francisco, CA,37.77493,122.419416
+14158859677, GEORGINA ACOSTA INC, 940 BUSH ST, San Francisco, CA,37.789769,122.412138
+14158859679, PACIFIC UNION CLUB, 1000 California ST, San Francisco, CA,37.792381,122.411628
+14158859683, C B PATEL & R B PATEL, 10 JONES, San Francisco, CA,37.77493,122.419416
+14158859685, SEARCHLIGHT MARKET, 1964 HYDE ST, San Francisco, CA,37.799047,122.419031
+14158859713, DRAKES BUILDERS, 1541 California ST, San Francisco, CA,36.760693,121.765735
+14158859723, JAMES COURT, 1353 BUSH ST, San Francisco, CA,37.788701,122.41957
+14158859724, IRISH COFFEE POT INC, 190 POLK, San Francisco, CA,37.77493,122.419416
+14158859780, ST PAULUS LUTHERAN CH, 478 TURK ST, San Francisco, CA,37.782406,122.417255
+14158859815, JOSEPH MC GEE, 1325 LEAVENWORTH ST, San Francisco, CA,37.793419,122.416334
+14158859818, S F BAY AREA, 400 N POINT ST, San Francisco, CA,37.931818,122.333422
+14158859821, CONCORDIA ARGONAUT, 1142 VAN NESS AVE, San Francisco, CA,37.77493,122.419416
+14158859826, ORIGINAL JOES INC, 144 TAYLOR ST, San Francisco, CA,37.783936,122.41066
+14158859830, SABELLA & LA TORRE, 2809 TAYLOR ST, San Francisco, CA,37.808529,122.416016
+14158859834, S F BAY AREA, 400 N POINT ST, San Francisco, CA,37.931818,122.333422
+14158859836, ORIGINAL JOES INC, 144 TAYLOR ST, San Francisco, CA,37.783936,122.41066
+14158859858, WOMEN'S' HOTEL, 232 JONES, San Francisco, CA,37.77493,122.419416
+14158859875, LEONARD IFFLA VICTOR ROTH, 400 BAY ST, San Francisco, CA,37.805808,122.413819
+14158859879, WHARF COFFEE SHP, 358 BEACH ST, San Francisco, CA,37.807474,122.414936
+14158859887, ABDEL DROUBI, 145 EDDY, San Francisco, CA,37.77493,122.419416
+14158859890, ANCHORAGE INN, 170 BEACH ST, San Francisco, CA,37.807933,122.410799
+14158859891, ANCHORAGE INN, 160 BEACH ST, San Francisco, CA,37.807934,122.410788
+14158859925, DAVID'S RESTAURANT AND DE, 23 GEARY, San Francisco, CA,37.77493,122.419416
+14158859976, GOLDEN GATE CHRCH, 1901 FRANKLIN ST, San Francisco, CA,37.792064,122.424542
+14158969213, R & W UNOCAL, 1800 FOLSOM ST, San Francisco, CA,37.767852,122.416105
+14158969217, R & W UNOCAL, 1800 FOLSOM ST, San Francisco, CA,37.767852,122.416105
+14158969348, PAUSER ATHELETIC CLUB, 350 3RD ST, San Francisco, CA,37.783373,122.398634
+14158969707, MENDELSOHN HOUSE, 327 FOLSOM ST, San Francisco, CA,37.788489,122.393049
+14159219008, AMRCN RLTY & CONST INC, 2 CLEMENT ST, San Francisco, CA,37.783194,122.46159
+14159219031, FLORENCE CRITTENTON SER, 430 BRODERICK ST, San Francisco, CA,37.774331,122.439276
+14159219063, EL BETHEL TERRACE, 1055 FILLMORE ST, San Francisco, CA,37.779452,122.432008
+14159219076, LOMBARD UNION 76, 2298 LOMBARD ST, San Francisco, CA,37.799589,122.439257
+14159219205, KOREAN CONSULATE GEN, 3500 CLAY ST, San Francisco, CA,37.78889,122.450708
+14159219224, AMERICAN MULTICINEMA INC, 1881 POST ST, San Francisco, CA,37.785145,122.432406
+14159219240, NEW KOREA HOUSE INC, 1640 POST ST, San Francisco, CA,37.78581,122.42885
+14159219304, J LISHA T KING DBA, 2555 MARKET, San Francisco, CA,37.77493,122.419416
+14159219306, CATHOLIC SOCIAL SVC, 1340 GOLDEN GATE AVE, San Francisco, CA,37.779569,122.432713
+14159219318, ASTOR HOTEL & RESORTS, 345 TAYLOR STREET, San Francisco, CA,37.785604,122.411459
+14159219341, AMERICAN MULTICINEMA INC, 1881 POST ST, San Francisco, CA,37.785145,122.432406
+14159219482, BAY STATE MARKET, 1661 DIVISADERO ST, San Francisco, CA,37.785143,122.439999
+14159219500, DEPT OF REAL ESTATE, 25 VAN NESS AVE, San Francisco, CA,37.775679,122.419848
+14159219563, WESTERN COML, 2 CLEMENT ST, San Francisco, CA,37.783194,122.46159
+14159219615, SAN FRANCISCO MARATHONS, 3333 FILLMORE ST, San Francisco, CA,37.800265,122.436268
+14159219652, QUEEN ADAH O E S, 1390 TURK ST, San Francisco, CA,37.780532,122.431981
+14159219711, ST VINCENT DE PAUL, 2320 GREEN ST, San Francisco, CA,37.796061,122.437247
+14159219744, THE HERITAGE, 3400 LAGUNA ST, San Francisco, CA,37.802889,122.431333
+14159219750, FLORENCE CRITTENTON SER, 430 BRODERICK ST, San Francisco, CA,37.774331,122.439276
+14159219752, FLORENCE CRITTENTON SER, 430 BRODERICK ST, San Francisco, CA,37.774331,122.439276
+14159219761, SERENITY HOUSE INC, 1124 FULTON ST, San Francisco, CA,37.777457,122.435733
+14159219829, THE GOLDEN WEST, 145 BAKER ST, San Francisco, CA,37.77233,122.440664
+14159219842, EARSIE HARRELL, 1615 BRODERICK ST, San Francisco, CA,37.78551,122.441978
+14159219843, PAN PACIFIC HOTEL SAN FRANCISC, 49 POST STREET, San Francisco, CA,37.789007,122.402876
+14159219855, SACRED HEART CONVENT, 2222 BROADWAY ST, San Francisco, CA,37.794635,122.434001
+14159219861, COACH ROOM, 1060 GEARY ST, San Francisco, CA,37.785814,122.420718
+14159219865, HORSE SHOE TAVERN, 2024 CHESTNUT ST, San Francisco, CA,37.800825,122.436938
+14159219894, THIRD BAPTIST CHRCH, 1399 MCALLISTER ST, San Francisco, CA,37.778132,122.43491
+14159219901, PINE & LAGUNA MARKET, 1865 LAGUNA ST, San Francisco, CA,37.78846,122.428764
+14159219925, UNIV OF THE PACIFIC, 2155 WEBSTER ST, San Francisco, CA,37.790292,122.432569
+14159220767, MARINA DAY & NIGHT, 2100 CHESTNUT ST, San Francisco, CA,37.800704,122.437841
+14159222468, KUOR BAK CLUB, 35 ELLIS ST, San Francisco, CA,37.785651,122.406798
+14159282434, GEARY HOTEL, 200 GEARY ST, San Francisco, CA,37.787624,122.406657
+14159289168, PETER PAN COCKTAIL LOUNGE, 4 TURK, San Francisco, CA,37.77493,122.419416
+14159289602, THE HOT TUBS, 2200 VAN NESS AVE, San Francisco, CA,37.79625,122.423435
+14159289614, JAN NESS LIQUOR, 1846 VAN NESS AVE, San Francisco, CA,37.792735,122.42261
+14159289620, CRESCENT MANOR, 16 TURK, San Francisco, CA,37.77493,122.419416
+14159289630, L82 INC, 191 VAN NESS AVE, San Francisco, CA,37.776093,122.41967
+14159289658, STRATOS CORP, 1375 SUTTER ST , San Francisco, CA,37.787265,122.423072
+14159289659, STUDIO COFFEE SHOP, 290 GOLDEN GATE, San Francisco, CA,37.781707,122.415377
+14159289665, CAFE BRAVO, 1355 SUTTER ST, San Francisco, CA,37.787345,122.422766
+14159289669, CAFE BRAVO, 1355 SUTTER ST, San Francisco, CA,37.787345,122.422766
+14159289680, GRAND LIQUOR MARKET, 26 TAYLOR ST, San Francisco, CA,37.782466,122.410609
+14159289688, GRAND LIQUOR MARKET, 26 TAYLOR ST, San Francisco, CA,37.782466,122.410609
+14159289707, ANTONIA MANOR, 180 TURK, San Francisco, CA,37.78314,122.412191
+14159289766, RACHA, CAFE, 361 ELLIS ST, San Francisco, CA,37.784948,122.412153
+14159289782, OPERA PLAZA 2045, 191 VAN NESS AV, San Francisco, CA,37.794579,122.423305
+14159289786, FANTASTIC MSSG, 41 O'FARRELL, San Francisco, CA,37.77493,122.419416
+14159289795, CATHEDRAL HILL TOWER, 1200 GOUGH ST, San Francisco, CA,37.784778,122.424123
+14159289819, SF BAY AREA LONG, 400 N POINT ST, San Francisco, CA,37.806913,122.414703
+14159289845, MARTIN LUTHER TOWER INC, 1101 OFARRELL ST, San Francisco, CA,37.77493,122.419416
+14159289850, CHRONICAL BROADCAST PAY PHON, 1001 VAN NESS AVE, San Francisco, CA,37.78493,122.421911
+14159289859, ALEXANDER RESIDENCE, 230 EDDY, San Francisco, CA,37.77493,122.419416
+14159289870, CLUB SIXTYFIVE, 24 TAYLOR, San Francisco, CA,37.77493,122.419416
+14159289902, CONCORDIA ARGONAUT, 1142 VAN NESS AVE, San Francisco, CA,37.77493,122.419416
+14159289915, CCSF FIRE DEPT, 260 GOLDEN GATE AV , San Francisco, CA,37.782011,122.414974
+14159289939, HA RA CLUB, 465 GEARY ST, San Francisco, CA,37.787003,122.410927
+14159289941, JAYRE INVESTMENT CORP, 1415 LARKIN ST, San Francisco, CA,37.791082,122.419232
+14159289978, LEE LIPTON, 190 GEARY, San Francisco, CA,37.77493,122.419416
+14159298915, C & H LIQUOR & GROC, 201 JONES ST, San Francisco, CA,37.782651,122.412475
+14159298922, CHEVRON GAS STATION, 2465 VAN LEW AVE, San Francisco, CA,37.77493,122.419416
+14159298974, K HUGHES & F G ALLAN, 190 PRESIDIO AVE, San Francisco, CA,37.789993,122.447322
+14159299107, WELDONS MARKET & DELI, 1981 SUTTER ST, San Francisco, CA,37.785949,122.432847
+14159299605, SACRED HEART CONVENT, 2222 BROADWAY ST, San Francisco, CA,37.794635,122.434001
+14159299623, LARRY FONG DBA, 1301 DIVISADERO ST, San Francisco, CA,37.781522,122.439186
+14159299637, JAMES BRACCICK DBA, 2399 POST ST, San Francisco, CA,37.783919,122.441144
+14159299651, LAUREL MOTOR INN, 34 PRESIDIO AVE, San Francisco, CA,37.791309,122.447589
+14159299670, CREIGHTON INC, 2138 CHESNUT ST, San Francisco, CA,37.77493,122.419416
+14159299759, PLANTATION INN, 3100 WEBSTER ST, San Francisco, CA,37.800089,122.433546
+14159299761, STATE BAR OF California, 145 FRANKLIN ST, San Francisco, CA,37.775752,122.4211
+14159299860, NORTHERN, CALIF, 1400 GEARY BLVD, San Francisco, CA,37.785542,122.427134
+14159299882, GARY PASQUINELLI, 2030 UNION ST, San Francisco, CA,37.797556,122.432722
+14159299929, BAY STATE MARKET, 1661 DIVISADERO ST, San Francisco, CA,37.785143,122.439999
+14159299952, LEXINGTON GROCERY, 2791 BUSH ST, San Francisco, CA,37.785777,122.443145
+14159299983, NORTHERN, CALIF, 1400 GEARY BLVD, San Francisco, CA,37.785542,122.427134
+14159299992, POST MEDICAL BLDG, 10 UN PLAZA 650, San Francisco, CA,37.77493,122.419416
+14159299996, UNIV OF THE PACIFIC, 2155 WEBSTER ST, San Francisco, CA,37.790292,122.432569
+14159317145, GEORGIE ANNS MARKET, 3095 SACRAMENTO ST, San Francisco, CA,37.788573,122.443819
+14159489885, PACIFIC TELEPHONE CO, 44 2ND ST , San Francisco, CA,37.788625,122.400809
+14159569039, BRANDY HO S HUNAN FOOD, 217 COLUMBUS AVE, San Francisco, CA,37.797218,122.40612
+14159569040, 430 SANSOME INC, 840 SANSOME ST, San Francisco, CA,37.798077,122.402156
+14159569046, ALL SEASONS HOTEL, 417 STOCKTON ST, San Francisco, CA,37.789816,122.40725
+14159569062, FRANCISCAN CROISSANT SAND, 301 SUTTER ST, San Francisco, CA,37.78953,122.405561
+14159569132, CAFFERATA REST, 290 COLUMBUS AVE, San Francisco, CA,37.797829,122.406639
+14159569147, MECHCS INST & LIB BLDG, 16 POST ST, San Francisco, CA,37.78911,122.402246
+14159569156, OBRERO HOTEL, 1208 STOCKTON ST, San Francisco, CA,37.796894,122.408377
+14159569174, FIOR D'ITALIA INC, 191 UNION ST, San Francisco, CA,37.801293,122.402649
+14159569272, AMPKO PARKING, 335 FELL ST, San Francisco, CA,37.775866,122.423485
+14159569308, HUNA REST, 514 SANSOME ST, San Francisco, CA,37.795021,122.401539
+14159569469, RYUMON RESTAURANT, 236 WASHINGTON ST., San Francisco, CA,37.795859,122.400841
+14159569626, DAVID F H EWING, 342 MASON, San Francisco, CA,37.77493,122.419416
+14159569656, TONY NIKS, 1534 STOCKTON ST, San Francisco, CA,37.800028,122.408996
+14159569672, LE CENTRAL REST, 43 BUSH ST, San Francisco, CA,37.791178,122.399387
+14159569707, CATHAY HOUSE, 308 California ST, San Francisco, CA,37.793225,122.400127
+14159569713, HOTEL CHANCELLOR, 23 POWELL ST, San Francisco, CA,37.7847,122.407698
+14159569738, STCK EXCHNGE TOWR ASSOC, 155 SANSOME ST , San Francisco, CA,37.791773,122.400893
+14159569939, MOHAMMED S SHAIKH, 280 O'FARRELL, San Francisco, CA,37.77493,122.419416
+14159613748, DIVISADERO FARMERS MARKET, 140 DIVISADERO ST, San Francisco, CA,37.769615,122.436412
+14159869011, YOSHIMITSU TOYA, 173 MAIDEN LN, San Francisco, CA,37.788082,122.406305
+14159869021, CROW SPIEKER CO, 245 MONTGOMERY ST, San Francisco, CA,37.79174,122.402577
+14159869084, SEARS RESTAURANT, 29 POWELL, San Francisco, CA,37.77493,122.419416
+14159869092, CLOWN ALLEY INC, 1 COLUMBUS AVE, San Francisco, CA,37.795667,122.404185
+14159869096, DAVRE S INC, 145 California ST, San Francisco, CA,37.793447,122.398143
+14159869223, GOLDEN GATEWAY CTR, 9 DAVIS CT, San Francisco, CA,37.797099,122.398327
+14159869280, FRANCISCAN CROISSANT SAND, 301 SUTTER ST, San Francisco, CA,37.78953,122.405561
+14159869333, D BUONI, 1431 STOCKTON ST, San Francisco, CA,37.799015,122.409036
+14159869454, LAMPS OF CHINA INC, 318 WASHINGTON ST, San Francisco, CA,37.795847,122.400948
+14159869468, YWCA APARTMENTS INC, 940 POWELL ST, San Francisco, CA,37.793454,122.409349
+14159869481, HUBERT BRAUN HAIRSTYLING INC, 10 SUTTER ST, San Francisco, CA,37.790266,122.400726
+14159869513, ROSSIS MKT, 217 VALLEJO ST., San Francisco, CA,37.799506,122.401518
+14159869652, JUNG LEE, 19 MAIDEN LN, San Francisco, CA,37.788398,122.404004
+14159869670, SPECTRUM FOODS, INC., 230 JACKSON STREET, San Francisco, CA,37.796865,122.400262
+14159869673, KEN SUYETSUGU, 153 WAVERLY PL, San Francisco, CA,37.794872,122.407031
+14159869707, GALLERIA PARK HOTEL, 191 SUTTER ST, San Francisco, CA,37.789738,122.40365
+14159869713, CHINESE CULTURAL, 340 KEARNY ST , San Francisco, CA,37.791392,122.403972
+14159869736, RUSSIAN HILL GROCERY, 1560 MASON ST, San Francisco, CA,37.798016,122.411874
+14159869737, RUSSIAN HILL MARKET, 1560 MASON ST, San Francisco, CA,37.798016,122.411874
+14159869833, KANS RESTAURANT INC, 298 GRANT AVE, San Francisco, CA,37.789638,122.405441
+14159869839, RESTAURANT CHOCHO, 1020 KEARNY ST, San Francisco, CA,37.797381,122.405262
+14159869862, PHELAN BLDG, 350 MARKET ST, San Francisco, CA,37.72379,122.452346
+14159869913, MARINELLO SCHOOL OF BEAUT, 131 POWELL, San Francisco, CA,37.77493,122.419416
+14159869919, L#OLIVIER REST, 14 DAVIS CT, San Francisco, CA,37.797096,122.398363
+14159869980, KLOOKLAN LAM, 121 JACKSON ST, San Francisco, CA,37.797087,122.398365
+14159869993, ROBERT MENDES DBA, 33 POWELL ST, San Francisco, CA,37.784885,122.408149
+14159898649, CHINA SEA RESTAURANT, 1441 POLK ST, San Francisco, CA,37.790167,122.420769
